{
	"credit": "Made with Blockbench",
	"texture_size": [128, 128],
	"textures": {
		"1": "item/anchortexture"
	},
	"elements": [
		{
			"from": [7, 20, 1.4],
			"to": [9, 22, 5.4],
			"rotation": {"angle": 22.5, "axis": "x", "origin": [0, 0, 0]},
			"faces": {
				"north": {"uv": [1.5, 6.5, 2.5, 7.5], "texture": "#1"},
				"east": {"uv": [4, 0, 6, 1], "texture": "#1"},
				"south": {"uv": [6.5, 5, 7.5, 6], "texture": "#1"},
				"west": {"uv": [4, 1, 6, 2], "texture": "#1"},
				"up": {"uv": [5, 4, 4, 2], "texture": "#1"},
				"down": {"uv": [5, 4, 4, 6], "texture": "#1"}
			}
		},
		{
			"from": [7, 14, 9.2],
			"to": [9, 16, 13.2],
			"rotation": {"angle": -22.5, "axis": "x", "origin": [0, 0, 0]},
			"faces": {
				"north": {"uv": [6.5, 6, 7.5, 7], "texture": "#1"},
				"east": {"uv": [5, 2, 7, 3], "texture": "#1"},
				"south": {"uv": [7, 2, 8, 3], "texture": "#1"},
				"west": {"uv": [5, 3, 7, 4], "texture": "#1"},
				"up": {"uv": [6, 6, 5, 4], "texture": "#1"},
				"down": {"uv": [1, 5.5, 0, 7.5], "texture": "#1"}
			}
		},
		{
			"from": [7, 0, 7],
			"to": [9, 1, 9],
			"faces": {
				"north": {"uv": [8.5, 1, 9.5, 1.5], "texture": "#1"},
				"east": {"uv": [1.5, 8.5, 2.5, 9], "texture": "#1"},
				"south": {"uv": [8.5, 1.5, 9.5, 2], "texture": "#1"},
				"west": {"uv": [2.5, 8.5, 3.5, 9], "texture": "#1"},
				"up": {"uv": [8, 4, 7, 3], "texture": "#1"},
				"down": {"uv": [7.5, 7, 6.5, 8], "texture": "#1"}
			}
		},
		{
			"from": [7, 1, 6],
			"to": [9, 3, 7],
			"faces": {
				"north": {"uv": [0, 7.5, 1, 8.5], "texture": "#1"},
				"east": {"uv": [2.5, 6.5, 3, 7.5], "texture": "#1"},
				"south": {"uv": [7.5, 1, 8.5, 2], "texture": "#1"},
				"west": {"uv": [4.5, 8, 5, 9], "texture": "#1"},
				"up": {"uv": [9.5, 4.5, 8.5, 4], "texture": "#1"},
				"down": {"uv": [9.5, 4.5, 8.5, 5], "texture": "#1"}
			}
		},
		{
			"from": [7, 1, 9],
			"to": [9, 3, 10],
			"faces": {
				"north": {"uv": [1.5, 7.5, 2.5, 8.5], "texture": "#1"},
				"east": {"uv": [5, 8.5, 5.5, 9.5], "texture": "#1"},
				"south": {"uv": [2.5, 7.5, 3.5, 8.5], "texture": "#1"},
				"west": {"uv": [8.5, 5, 9, 6], "texture": "#1"},
				"up": {"uv": [9.5, 6.5, 8.5, 6], "texture": "#1"},
				"down": {"uv": [9.5, 6.5, 8.5, 7], "texture": "#1"}
			}
		},
		{
			"from": [7.5, 4, 7.5],
			"to": [8.5, 9, 8.5],
			"faces": {
				"north": {"uv": [5, 6, 5.5, 8.5], "texture": "#1"},
				"east": {"uv": [6, 5, 6.5, 7.5], "texture": "#1"},
				"south": {"uv": [5.5, 6, 6, 8.5], "texture": "#1"},
				"west": {"uv": [1, 6.5, 1.5, 9], "texture": "#1"},
				"up": {"uv": [4, 8, 3.5, 7.5], "texture": "#1"},
				"down": {"uv": [6.5, 7.5, 6, 8], "texture": "#1"}
			}
		},
		{
			"from": [7, 3, 7],
			"to": [9, 4, 9],
			"faces": {
				"north": {"uv": [8.5, 7, 9.5, 7.5], "texture": "#1"},
				"east": {"uv": [8.5, 7.5, 9.5, 8], "texture": "#1"},
				"south": {"uv": [8, 8.5, 9, 9], "texture": "#1"},
				"west": {"uv": [0, 9, 1, 9.5], "texture": "#1"},
				"up": {"uv": [8.5, 5, 7.5, 4], "texture": "#1"},
				"down": {"uv": [8.5, 4.875, 7.5, 5.875], "texture": "#1"}
			}
		},
		{
			"from": [7, 9, 7],
			"to": [9, 20, 9],
			"faces": {
				"north": {"uv": [0, 0, 1, 5.5], "texture": "#1"},
				"east": {"uv": [1, 0, 2, 5.5], "texture": "#1"},
				"south": {"uv": [2, 0, 3, 5.5], "texture": "#1"},
				"west": {"uv": [3, 0, 4, 5.5], "texture": "#1"},
				"up": {"uv": [8.5, 7, 7.5, 6], "texture": "#1"},
				"down": {"uv": [8.5, 7, 7.5, 8], "texture": "#1"}
			}
		},
		{
			"from": [7, 18, 6],
			"to": [9, 20, 10],
			"faces": {
				"north": {"uv": [8, 0, 9, 1], "texture": "#1"},
				"east": {"uv": [1, 5.5, 3, 6.5], "texture": "#1"},
				"south": {"uv": [8, 2, 9, 3], "texture": "#1"},
				"west": {"uv": [6, 0, 8, 1], "texture": "#1"},
				"up": {"uv": [4, 7.5, 3, 5.5], "texture": "#1"},
				"down": {"uv": [5, 6, 4, 8], "texture": "#1"}
			}
		},
		{
			"from": [7.4, 20, 7.5],
			"to": [8.4, 21, 8.5],
			"faces": {
				"north": {"uv": [5.5, 8.5, 6, 9], "texture": "#1"},
				"east": {"uv": [1, 9, 1.5, 9.5], "texture": "#1"},
				"south": {"uv": [1.5, 9, 2, 9.5], "texture": "#1"},
				"west": {"uv": [2, 9, 2.5, 9.5], "texture": "#1"},
				"up": {"uv": [9.5, 2.5, 9, 2], "texture": "#1"},
				"down": {"uv": [3, 9, 2.5, 9.5], "texture": "#1"}
			}
		},
		{
			"from": [8, 10.3, 10.5],
			"to": [8, 11.7, 12.5],
			"rotation": {"angle": -45, "axis": "x", "origin": [0, 0, 0]},
			"faces": {
				"north": {"uv": [0, 0, 0, 0.75], "texture": "#1"},
				"east": {"uv": [6, 8, 7, 8.75], "texture": "#1"},
				"south": {"uv": [0, 0, 0, 0.75], "texture": "#1"},
				"west": {"uv": [7, 8, 8, 8.75], "texture": "#1"},
				"up": {"uv": [0, 1, 0, 0], "texture": "#1"},
				"down": {"uv": [0, 0, 0, 1], "texture": "#1"}
			}
		},
		{
			"from": [8, 20, 5],
			"to": [8, 22, 7],
			"rotation": {"angle": 22.5, "axis": "x", "origin": [0, 0, 0]},
			"faces": {
				"north": {"uv": [0, 0, 0, 1], "texture": "#1"},
				"east": {"uv": [8, 3, 9, 4], "texture": "#1"},
				"south": {"uv": [0, 0, 0, 1], "texture": "#1"},
				"west": {"uv": [3.5, 8, 4.5, 9], "texture": "#1"},
				"up": {"uv": [0, 1, 0, 0], "texture": "#1"},
				"down": {"uv": [0, 0, 0, 1], "texture": "#1"}
			}
		},
		{
			"from": [8, 14, 7],
			"to": [8, 16, 10],
			"rotation": {"angle": -22.5, "axis": "x", "origin": [0, 0, 0]},
			"faces": {
				"north": {"uv": [0, 0, 0, 1], "texture": "#1"},
				"east": {"uv": [6, 1, 7.5, 2], "texture": "#1"},
				"south": {"uv": [0, 0, 0, 1], "texture": "#1"},
				"west": {"uv": [6, 4, 7.5, 5], "texture": "#1"},
				"up": {"uv": [0, 1.5, 0, 0], "texture": "#1"},
				"down": {"uv": [0, 0, 0, 1.5], "texture": "#1"}
			}
		},
		{
			"from": [8, 21, 0],
			"to": [8, 22, 2],
			"rotation": {"angle": 45, "axis": "x", "origin": [0, 0, 0]},
			"faces": {
				"north": {"uv": [0, 0, 0, 0.5], "texture": "#1"},
				"east": {"uv": [9, 0, 10, 0.5], "texture": "#1"},
				"south": {"uv": [0, 0, 0, 0.5], "texture": "#1"},
				"west": {"uv": [9, 0.5, 10, 1], "texture": "#1"},
				"up": {"uv": [0, 1, 0, 0], "texture": "#1"},
				"down": {"uv": [0, 0, 0, 1], "texture": "#1"}
			}
		},
		{
			"from": [8, 10.2, 8.7],
			"to": [8, 11.2, 10.7],
			"rotation": {"angle": -45, "axis": "x", "origin": [0, 0, 0]},
			"faces": {
				"north": {"uv": [0, 0, 0, 0.5], "texture": "#1"},
				"east": {"uv": [8, 8, 9, 8.5], "texture": "#1"},
				"south": {"uv": [0, 0, 0, 0.5], "texture": "#1"},
				"west": {"uv": [0, 8.5, 1, 9], "texture": "#1"},
				"up": {"uv": [0, 1, 0, 0], "texture": "#1"},
				"down": {"uv": [0, 0, 0, 1], "texture": "#1"}
			}
		},
		{
			"from": [8, 21, -2],
			"to": [8, 22.3, 0],
			"rotation": {"angle": 45, "axis": "x", "origin": [16, 0, 0]},
			"faces": {
				"north": {"uv": [0, 0, 0, 0.625], "texture": "#1"},
				"east": {"uv": [9, 2.5, 10, 3.125], "texture": "#1"},
				"south": {"uv": [0, 0, 0, 0.625], "texture": "#missing"},
				"west": {"uv": [3, 9, 4, 9.625], "texture": "#1"},
				"up": {"uv": [0, 1, 0, 0], "texture": "#1"},
				"down": {"uv": [0, 0, 0, 1], "texture": "#1"}
			}
		}
	],
	"display": {
		"thirdperson_righthand": {
			"rotation": [15, 5, -6],
			"translation": [0, 0, 1.5],
			"scale": [1.38, 1.38, 1.38]
		},
		"thirdperson_lefthand": {
			"scale": [1.38, 1.38, 1.38]
		},
		"firstperson_righthand": {
			"rotation": [8.25, 15, 11],
			"translation": [1.25, 2.5, 0.75]
		},
		"firstperson_lefthand": {
			"rotation": [-180, -3, 180],
			"translation": [1.25, 2.5, 1.75]
		},
		"ground": {
			"rotation": [-52.71, -56.23, 40.72],
			"translation": [3.25, -0.75, 0],
			"scale": [1.38, 1.38, 1.38]
		},
		"gui": {
			"rotation": [109.88, 79.64, 78.33],
			"translation": [0, 3, 0],
			"scale": [0.94, 0.94, 0.94]
		},
		"head": {
			"rotation": [-78, 0, 0],
			"translation": [0, 8.25, 0]
		},
		"fixed": {
			"rotation": [31.74, 88.24, 148.24],
			"translation": [0, 2.25, 0]
		}
	},
	"groups": [
		{
			"name": "group",
			"origin": [0, 0, 0],
			"color": 0,
			"children": [0, 1, 2, 3, 4, 5, 6, 7, 8, 9, 10, 11, 12, 13, 14]
		},
		{
			"name": "group",
			"origin": [16, 0, 0],
			"color": 0,
			"children": [15]
		}
	]
}